Protein_ID,Localizations,Signals,Membrane types,Cytoplasm,Nucleus,Extracellular,Cell membrane,Mitochondrion,Plastid,Endoplasmic reticulum,Lysosome/Vacuole,Golgi apparatus,Peroxisome,Peripheral,Transmembrane,Lipid anchor,Soluble
NP_001389072.1,Cytoplasm,Nuclear localization signal,Peripheral|Soluble,0.5848000049591064,0.40849998593330383,0.07580000162124634,0.39250001311302185,0.05700000002980232,0.03999999910593033,0.31700000166893005,0.23240000009536743,0.29159998893737793,0.03669999912381172,0.6326000094413757,0.08619999885559082,0.0908999964594841,0.7077999711036682
NP_001405525.1,Cytoplasm,Nuclear localization signal,Soluble,0.5835000276565552,0.43220001459121704,0.07750000059604645,0.36469998955726624,0.09350000321865082,0.0544000007212162,0.272599995136261,0.19169999659061432,0.22470000386238098,0.018799999728798866,0.614300012588501,0.05779999867081642,0.08309999853372574,0.7559000253677368
NP_001405645.1,Cytoplasm,,Soluble,0.6078000068664551,0.30970001220703125,0.05559999868273735,0.45570001006126404,0.1225999966263771,0.061400000005960464,0.2248000055551529,0.21799999475479126,0.3310999870300293,0.03629999980330467,0.5813999772071838,0.07349999994039536,0.10559999942779541,0.7439000010490417
XP_015631281.1,Cytoplasm,Nuclear localization signal,Peripheral|Soluble,0.5895000100135803,0.4083000123500824,0.08100000023841858,0.3864000141620636,0.05719999969005585,0.03799999877810478,0.32519999146461487,0.2295999974012375,0.30169999599456787,0.03629999980330467,0.632099986076355,0.08659999817609787,0.0925000011920929,0.7073000073432922
