Protein_ID,Localizations,Signals,Membrane types,Cytoplasm,Nucleus,Extracellular,Cell membrane,Mitochondrion,Plastid,Endoplasmic reticulum,Lysosome/Vacuole,Golgi apparatus,Peroxisome,Peripheral,Transmembrane,Lipid anchor,Soluble
XP_004231914.1,Endoplasmic reticulum,,Peripheral|Soluble,0.44339999556541443,0.34299999475479126,0.03460000082850456,0.20020000636577606,0.31209999322891235,0.11749999970197678,0.6935999989509583,0.19750000536441803,0.5022000074386597,0.019600000232458115,0.8048999905586243,0.17470000684261322,0.10830000042915344,0.47209998965263367
XP_004233456.1,Cytoplasm,,Peripheral|Soluble,0.5260000228881836,0.34869998693466187,0.040800001472234726,0.17820000648498535,0.3709000051021576,0.030700000002980232,0.6018999814987183,0.15929999947547913,0.34470000863075256,0.005799999926239252,0.7664999961853027,0.13680000603199005,0.11349999904632568,0.5379999876022339
XP_004235944.1,Cytoplasm,Nuclear localization signal,Peripheral,0.5094000101089478,0.40400001406669617,0.04569999873638153,0.17839999496936798,0.2720000147819519,0.0421999990940094,0.5820000171661377,0.1428000032901764,0.46309998631477356,0.005799999926239252,0.8392999768257141,0.14710000157356262,0.11460000276565552,0.4449999928474426
